"Project","Sample ID","Barcode Sequence","# Reads","Yield (Mbases)","Mean Quality Score","% Bases >= 30"
"30-794323015","s011","AAGCGACT+TCAGAGCC","24772288","7432","35.12","89.42"
"30-794323015","s108","GGTGATGA+TCAGAGCC","24339542","7302","35.28","90.25"
"30-794323015","s106","TACGCTGC+AGGCTATA","28068398","8420","35.24","90.04"
"30-794323015","s137","TAGCGCTC+ACGTCCTG","27469444","8241","35.31","90.4"
"30-794323015","s180","TGCAGCTA+TCAGAGCC","26435927","7930","35.21","89.89"
"30-794323015","s025","AAGGCGTA+AGGCTATA","26749521","8025","35.15","89.57"
"30-794323015","s032","AAGGCGTA+CTTCGCCT","27111915","8133","35.17","89.68"
"30-794323015","s086","GCGTAGTA+AGGCTATA","28915080","8675","35.21","89.9"
"30-794323015","s057","TGCTTGCT+GCCTCTAT","24553096","7366","35.04","89.02"
"30-794323015","s059","AATCCAGC+AGGATAGG","25889437","7766","35.18","89.66"
"30-794323015","s177","TGCAGCTA+AGGCTATA","26660874","7998","35.28","90.25"
"30-794323015","s082","GGAGCTAC+TAAGATTA","27595990","8278","35.35","90.64"
"30-794323015","s100","CGGAGCCT+CTTCGCCT","26366235","7910","35.31","90.37"
"30-794323015","s084","GGAGCTAC+ACGTCCTG","26256106","7877","35.12","89.45"
"30-794323015","s024","AAGCGTTC+GTCAGTAC","26028876","7808","35.32","90.45"
"30-794323015","s061","AATCCAGC+CTTCGCCT","26737680","8022","35.2","89.82"
"30-794323015","s065","ACTCGCTA+AGGCTATA","26711084","8013","35.26","90.16"
"30-794323015","s062","AATCCAGC+TAAGATTA","26583430","7975","35.16","89.63"
"30-794323015","s087","GCGTAGTA+GCCTCTAT","27072411","8122","35.19","89.8"
"30-794323015","s145","AACCTACG+GTCAGTAC","19491793","5848","34.89","88.28"
"30-794323015","s168","CGATCAGT+AGGATAGG","26624121","7987","35.27","90.19"
"30-794323015","s138","AACCTACG+CTTCGCCT","20487376","6146","35.13","89.44"
"30-794323015","s090","GCGTAGTA+CTTCGCCT","27282941","8185","35.25","90.1"
"30-794323015","s039","TTCCTCCT+TAAGATTA","24702523","7410","35.22","89.97"
"30-794323015","s026","TTCCTCCT+AGGATAGG","24362732","7308","35.11","89.38"
"30-794323015","s081","GGAGCTAC+CTTCGCCT","25868102","7760","35.33","90.47"
"30-794323015","s075","ACTCGCTA+ACGTCCTG","27362488","8209","35.25","90.11"
"30-794323015","s103","CGGAGCCT+ACGTCCTG","25632545","7689","35.28","90.28"
"30-794323015","s055","GCAGAAGA+GTCAGTAC","25979695","7794","34.96","88.6"
"30-794323015","s158","TGCTTGCT+CTTCGCCT","68177364","20453","34.56","86.55"
"30-794323015","s118","TACGCTGC+GTCAGTAC","20452743","6136","35.23","90.01"
"30-794323015","s013","AAGCGACT+CTTCGCCT","24226277","7267","35.19","89.79"
"30-794323015","s002","TGATCACG+AGGATAGG","24537896","7361","35.21","89.88"
"30-794323015","s095","TGCTTGCT+GTCAGTAC","25823278","7747","34.99","88.78"
"30-794323015","s136","AACCTACG+TCAGAGCC","20672220","6202","35.06","89.11"
"30-794323015","s178","TGCAGCTA+GCCTCTAT","27689412","8307","35.21","89.89"
"30-794323015","s033","AAGGCGTA+TAAGATTA","25479325","7644","35.13","89.48"
"30-794323015","s091","GCGTAGTA+TAAGATTA","26439780","7932","35.31","90.38"
"30-794323015","s123","ATGCGCAG+TCAGAGCC","26526136","7958","35.38","90.74"
"30-794323015","s041","CTGATGAG+CTTCGCCT","28713380","8614","35.37","90.69"
"30-794323015","s017","AAGCGTTC+AGGCTATA","24782166","7435","35.32","90.42"
"30-794323015","s045","GCAGAAGA+AGGCTATA","27815296","8344","35.07","89.14"
"30-794323015","s144","AACCTACG+ACGTCCTG","25164474","7549","35.09","89.26"
"30-794323015","s102","GGTGATGA+GCCTCTAT","24529500","7359","35.23","90.02"
"30-794323015","s029","AAGGCGTA+AGGATAGG","22797232","6839","35.16","89.58"
"30-794323015","s038","CTGATGAG+AGGATAGG","24842654","7453","35.26","90.1"
"30-794323015","s129","AACCTACG+AGGATAGG","20703876","6211","34.81","87.91"
"30-794323015","s063","AATCCAGC+ACGTCCTG","24697720","7409","35.16","89.55"
"30-794323015","s096","CGGAGCCT+GCCTCTAT","26631561","7989","35.31","90.4"
"30-794323015","s119","ATGCGCAG+AGGCTATA","28483641","8545","35.21","89.87"
"30-794323015","s133","TAGCGCTC+TCAGAGCC","25292126","7588","35.34","90.58"
"30-794323015","s165","GGTGATGA+AGGATAGG","43473566","13042","34.89","88.19"
"30-794323015","s069","ACTCGCTA+CTTCGCCT","28821577","8646","35.35","90.58"
"30-794323015","s016","AAGCGACT+GTCAGTAC","26026614","7808","35.25","90.07"
"30-794323015","s176","CGATCAGT+GTCAGTAC","25704248","7712","35.36","90.6"
"30-794323015","s014","AAGCGACT+TAAGATTA","24709523","7413","35.24","90.01"
"30-794323015","s080","GGAGCTAC+TCAGAGCC","25059580","7517","35.25","90.13"
"30-794323015","s028","TTCCTCCT+TCAGAGCC","19399521","5820","34.99","88.8"
"30-794323015","s094","CGGAGCCT+AGGCTATA","28902594","8670","35.32","90.43"
"30-794323015","s073","TGCTTGCT+CTTCGCCT","20673600","6202","34.98","88.73"
"30-794323015","s148","GGATCTGA+AGGATAGG","24301969","7291","35.32","90.44"
"30-794323015","s051","GCAGAAGA+TAAGATTA","26254692","7876","35.11","89.31"
"30-794323015","s097","CGGAGCCT+AGGATAGG","25318967","7596","35.27","90.23"
"30-794323015","s050","TTCCTCCT+ACGTCCTG","24525263","7358","35.09","89.29"
"30-794323015","s111","TACGCTGC+TCAGAGCC","25356359","7607","35.23","90.01"
"30-794323015","s105","GGTGATGA+AGGATAGG","19727788","5918","35.35","90.55"
"30-794323015","s153","GGATCTGA+TAAGATTA","26096616","7828","35.33","90.53"
"30-794323015","s113","TACGCTGC+CTTCGCCT","25668465","7700","35.25","90.11"
"30-794323015","s150","GGATCTGA+TCAGAGCC","24166400","7250","35.11","89.44"
"30-794323015","s060","AATCCAGC+TCAGAGCC","24545365","7364","35.06","89.1"
"30-794323015","s164","GGATCTGA+ACGTCCTG","24858200","7457","35.23","89.96"
"30-794323015","s110","TACGCTGC+AGGATAGG","25816830","7745","35.3","90.37"
"30-794323015","s157","TGCTTGCT+TCAGAGCC","46974509","14092","34.63","86.9"
"30-794323015","s132","TAGCGCTC+AGGATAGG","26351300","7905","35.29","90.3"
"30-794323015","s067","ACTCGCTA+AGGATAGG","26569985","7971","35.29","90.29"
"30-794323015","s035","AAGGCGTA+GTCAGTAC","19603998","5881","34.94","88.51"
"30-794323015","s019","AAGCGTTC+AGGATAGG","24386411","7316","35.28","90.25"
"30-794323015","s121","ATGCGCAG+GCCTCTAT","20445574","6134","35.14","89.56"
"30-794323015","s116","TACGCTGC+TAAGATTA","27154103","8146","35.33","90.47"
"30-794323015","s027","AAGGCGTA+GCCTCTAT","25120802","7536","35.03","88.96"
"30-794323015","s046","GCAGAAGA+GCCTCTAT","20448667","6135","34.73","87.49"
"30-794323015","s112","GGTGATGA+TAAGATTA","24828284","7448","35.31","90.41"
"30-794323015","s085","GGAGCTAC+GTCAGTAC","26024690","7808","35.26","90.13"
"30-794323015","s172","CGATCAGT+CTTCGCCT","27720841","8317","35.28","90.21"
"30-794323015","s149","ACTGAGCG+TCAGAGCC","19531786","5860","35.09","89.3"
"30-794323015","s048","GCAGAAGA+TCAGAGCC","19510706","5853","34.87","88.16"
"30-794323015","s054","GCAGAAGA+ACGTCCTG","19635726","5891","34.87","88.14"
"30-794323015","s161","TGCTTGCT+GTCAGTAC","48017234","14405","34.73","87.38"
"30-794323015","s077","GGAGCTAC+AGGCTATA","25881213","7764","35.31","90.34"
"30-794323015","s066","ACTCGCTA+GCCTCTAT","25770536","7731","35.15","89.61"
"30-794323015","s003","TGATCACG+TCAGAGCC","24643689","7393","35.12","89.43"
"30-794323015","s064","AATCCAGC+GTCAGTAC","26633402","7990","35.14","89.48"
"30-794323015","s155","ACTGAGCG+ACGTCCTG","26672094","8002","35.18","89.74"
"30-794323015","s163","GGTGATGA+GCCTCTAT","40646690","12194","34.78","87.68"
"30-794323015","s143","ACTGAGCG+AGGATAGG","25584813","7676","35.16","89.64"
"30-794323015","s070","TGCTTGCT+AGGATAGG","19188777","5757","34.98","88.73"
"30-794323015","s018","AAGCGTTC+GCCTCTAT","24500744","7350","35.28","90.22"
"30-794323015","s056","AATCCAGC+AGGCTATA","24515031","7355","34.91","88.36"
"30-794323015","s170","CGATCAGT+TCAGAGCC","19766000","5930","35.17","89.69"
"30-794323015","s124","ATGCGCAG+CTTCGCCT","25906864","7772","35.34","90.54"
"30-794323015","s173","TGATCACG+GCCTCTAT","27026091","8108","35.02","88.94"
"30-794323015","s034","AAGGCGTA+ACGTCCTG","22655636","6797","34.93","88.47"
"30-794323015","s052","TTCCTCCT+GTCAGTAC","24342148","7303","35.17","89.71"
"30-794323015","s043","CTGATGAG+ACGTCCTG","25857916","7758","35.34","90.47"
"30-794323015","s047","GCAGAAGA+AGGATAGG","22329350","6699","34.78","87.7"
"30-794323015","s140","TAGCGCTC+GTCAGTAC","28071666","8421","35.33","90.51"
"30-794323015","s125","ATGCGCAG+TAAGATTA","26405304","7921","35.35","90.64"
"30-794323015","s068","ACTCGCTA+TCAGAGCC","25762604","7729","35.19","89.76"
"30-794323015","s089","GCGTAGTA+TCAGAGCC","19159488","5748","35.05","89.1"
"30-794323015","s042","CTGATGAG+TAAGATTA","27212395","8164","35.47","91.17"
"30-794323015","s001","TTCCTCCT+AGGCTATA","24550282","7365","35.12","89.53"
"30-794323015","s010","AAGCGACT+AGGATAGG","24511839","7353","35.12","89.42"
"30-794323015","s154","ACTGAGCG+TAAGATTA","25706349","7712","35.25","90.08"
"30-794323015","s171","TGATCACG+AGGCTATA","24959901","7488","35.17","89.65"
"30-794323015","s005","TGATCACG+TAAGATTA","26525495","7958","35.26","90.13"
"30-794323015","s036","CTGATGAG+AGGCTATA","25675607","7703","35.37","90.7"
"30-794323015","s130","TAGCGCTC+AGGCTATA","29462961","8839","35.35","90.61"
"30-794323015","s179","TGCAGCTA+AGGATAGG","25686301","7706","35.17","89.69"
"30-794323015","s135","TAGCGCTC+TAAGATTA","26877988","8063","35.33","90.5"
"30-794323015","s071","TGCTTGCT+TCAGAGCC","19413289","5824","34.99","88.79"
"30-794323015","s175","CGATCAGT+ACGTCCTG","29501898","8850","35.28","90.24"
"30-794323015","s166","CGATCAGT+AGGCTATA","30306683","9092","35.26","90.12"
"30-794323015","s058","AATCCAGC+GCCTCTAT","25653466","7696","35.13","89.42"
"30-794323015","s007","TGATCACG+GTCAGTAC","25562224","7669","35.2","89.81"
"30-794323015","s020","AAGCGTTC+TCAGAGCC","25065122","7520","35.22","89.95"
"30-794323015","s159","TGCTTGCT+TAAGATTA","44228032","13268","34.84","87.93"
"30-794323015","s122","ATGCGCAG+AGGATAGG","19402705","5821","35.29","90.29"
"30-794323015","s126","ATGCGCAG+ACGTCCTG","25585938","7676","35.24","90.03"
"30-794323015","s037","CTGATGAG+GCCTCTAT","24785352","7436","35.33","90.5"
"30-794323015","s109","GGTGATGA+CTTCGCCT","24392690","7318","35.28","90.23"
"30-794323015","s074","TGCTTGCT+TAAGATTA","24434674","7330","35.05","89.1"
"30-794323015","s049","GCAGAAGA+CTTCGCCT","26113998","7834","35.04","89.02"
"30-794323015","s117","TACGCTGC+ACGTCCTG","25832058","7749","35.28","90.26"
"30-794323015","s127","ATGCGCAG+GTCAGTAC","28197318","8460","35.33","90.53"
"30-794323015","s156","ACTGAGCG+GTCAGTAC","27499805","8250","35.35","90.56"
"30-794323015","s040","CTGATGAG+TCAGAGCC","26281851","7884","35.22","89.94"
"30-794323015","s009","AAGCGACT+GCCTCTAT","24739035","7422","35.23","89.97"
"30-794323015","s120","AACCTACG+AGGCTATA","24286852","7286","35.12","89.43"
"30-794323015","s169","GGATCTGA+GTCAGTAC","25143867","7543","35.16","89.61"
"30-794323015","s141","ACTGAGCG+AGGCTATA","26699385","8010","35.22","89.93"
"30-794323015","s083","TGCTTGCT+ACGTCCTG","19691251","5907","34.62","87"
"30-794323015","s104","CGGAGCCT+GTCAGTAC","25204447","7562","35.32","90.45"
"30-794323015","s023","AAGCGTTC+ACGTCCTG","25116195","7535","35.28","90.24"
"30-794323015","s131","TAGCGCTC+GCCTCTAT","26133925","7840","35.26","90.11"
"30-794323015","s098","CGGAGCCT+TCAGAGCC","20693463","6208","35.2","89.83"
"30-794323015","s139","AACCTACG+TAAGATTA","24811872","7443","35.31","90.37"
"30-794323015","s076","ACTCGCTA+GTCAGTAC","26672251","8002","35.19","89.76"
"30-794323015","s152","ACTGAGCG+CTTCGCCT","26107356","7832","35.29","90.31"
"30-794323015","s078","GGAGCTAC+GCCTCTAT","26171115","7851","35.19","89.8"
"30-794323015","s030","AAGGCGTA+TCAGAGCC","21133994","6340","34.91","88.4"
"30-794323015","s008","AAGCGACT+AGGCTATA","24134469","7240","35.14","89.53"
"30-794323015","s115","GGTGATGA+GTCAGTAC","19443213","5833","34.84","88.1"
"30-794323015","s101","CGGAGCCT+TAAGATTA","28917150","8675","35.41","90.94"
"30-794323015","s099","GGTGATGA+AGGCTATA","25819395","7745","35.03","89.12"
"30-794323015","s162","GGTGATGA+AGGCTATA","37172221","11152","34.83","87.89"
"30-794323015","s146","GGATCTGA+AGGCTATA","24231096","7270","35.23","89.99"
"30-794323015","s147","GGATCTGA+GCCTCTAT","24888321","7467","34.91","88.48"
"30-794323015","s114","GGTGATGA+ACGTCCTG","20640900","6192","35.18","89.75"
"30-794323015","s142","ACTGAGCG+GCCTCTAT","27735707","8321","35.19","89.78"
"30-794323015","s022","AAGCGTTC+TAAGATTA","25174675","7552","35.34","90.57"
"30-794323015","s151","GGATCTGA+CTTCGCCT","24804399","7441","35.03","89.05"
"30-794323015","s093","GCGTAGTA+GTCAGTAC","20796685","6239","35.04","89.02"
"30-794323015","s072","ACTCGCTA+TAAGATTA","28038049","8411","35.32","90.45"
"30-794323015","s160","TGCTTGCT+ACGTCCTG","51002107","15301","34.8","87.75"
"30-794323015","s006","TGATCACG+ACGTCCTG","19762388","5929","35.03","88.95"
"30-794323015","s134","TAGCGCTC+CTTCGCCT","28092760","8427","35.37","90.71"
"30-794323015","s088","GCGTAGTA+AGGATAGG","26739426","8022","35.26","90.13"
"30-794323015","s128","AACCTACG+GCCTCTAT","25078494","7523","34.87","88.23"
"30-794323015","s015","AAGCGACT+ACGTCCTG","25581201","7674","35.08","89.22"
"30-794323015","s092","GCGTAGTA+ACGTCCTG","19458483","5838","34.94","88.53"
"30-794323015","s167","CGATCAGT+GCCTCTAT","25544339","7664","35.13","89.5"
"30-794323015","s053","TGCTTGCT+AGGCTATA","24793932","7439","34.89","88.34"
"30-794323015","s004","TGATCACG+CTTCGCCT","25500611","7650","35.25","90.07"
"30-794323015","s012","TTCCTCCT+GCCTCTAT","24199784","7260","35.01","88.88"
"30-794323015","s044","CTGATGAG+GTCAGTAC","28457391","8537","35.33","90.51"
"30-794323015","s031","TTCCTCCT+CTTCGCCT","19761108","5928","35.04","89.04"
"30-794323015","s174","CGATCAGT+TAAGATTA","25776799","7733","35.32","90.48"
"30-794323015","s021","AAGCGTTC+CTTCGCCT","26907837","8072","35.28","90.21"
"30-794323015","s107","TACGCTGC+GCCTCTAT","26637253","7991","35.19","89.82"
"30-794323015","s079","GGAGCTAC+AGGATAGG","27696744","8309","35.34","90.55"